video_id,video_timestamp,video_duration,video_locationcreated,video_diggcount,video_sharecount,video_commentcount,video_playcount,video_description,video_is_ad,video_stickers,author_username,author_name,author_followercount,author_followingcount,author_heartcount,author_videocount,author_diggcount,author_verified,poi_name,poi_address,poi_city
7106594312292453675,2022-06-07T20:15:29,24,US,36600,124,1452,510400,how many frogs did you find? üê∏ check out tiktok‚Äôs #Minecraft community today! @Gorillo,False,,tiktok,TikTok,89300000,6,373300000,1170,2901,True,,,
7495664091080543506,2025-04-21T07:25:00,65,VN,12200,1914,271,364000,T·∫•t c·∫£ v√¨ 1 con b√≤ #beatnetwork #beatvn #beatoflife,False,,beatvn_official,BEATVN,8400000,27,600700000,5986,1404,True,,,
7486075232663440656,2025-03-26T12:15:00,72,VN,57600,365,351,1700000,MC Beat ƒê·ªè th·ª≠ 1 ng√†y l√†m t√†i x·∫ø c√¥ng ngh·ªá Xanh #beatnetwork #beatoflife #beatvn,False,,beatvn_official,BEATVN,8400000,27,600700000,5986,1404,True,,,
7489056627425955080,2025-04-03T13:30:00,54,VN,111100,836,447,2300000,Nghe n√≥i Th·∫£o Duy√™n ngh·ªâ l√†m MC Beat ƒê·ªè h·∫£? #beatvn #beatnetwork #beatoflife,False,,beatvn_official,BEATVN,8400000,27,600700000,5986,1404,True,,,
7465010272718097671,2025-01-28T16:52:32,89,VN,20300,168,729,540600,Beat ƒë·ªè ch√∫c m·ª´ng nƒÉm m·ªõi Xu√¢n ·∫§t T·ªµ ü•∞ Ch√∫c m·ªçi ng∆∞·ªùi 1 nƒÉm m·ªõi an khang th·ªãnh v∆∞·ª£ng. H√£y lu√¥n ƒë·ªìng h√†nh c√πng Beatvn nhaaaa #Beatvn #beatnetwork #beatoflife ,False,,beatvn_official,BEATVN,8400000,27,600700000,5986,1404,True,,,
7496412666991316231,2025-04-23T08:10:00,11,VN,1333,91,42,38300,Phim ch∆∞a b·∫Øt ƒë·∫ßu m√† ƒë√£ k·∫øt th√∫c r·ªìi #beatnetwork #beatvn #hoabinhdeplam #BEATNetworkChungmotnhipdap,False,,beatvn_official,BEATVN,8400000,27,600700000,5986,1404,True,,,
7496412501316308242,2025-04-23T07:49:13,38,VN,2241,34,47,57400,Qu√° t·ª≠ t·∫ø - T·ª± h√†o l√† 1 Goonners #beatnetwork #beatvn,False,,beatvn_official,BEATVN,8400000,27,600700000,5986,1404,True,,,
7496400319534943506,2025-04-23T07:20:00,38,VN,980,12,16,32200,Ng∆∞·ªùi ƒë·ªôc th√¢n l√† ng∆∞·ªùi ƒëang c·∫ßm dth xem video n√†y #beatnetwork #beatvn #hoabinhdeplam #BEATNetworkChungmotnhipdap,False,,beatvn_official,BEATVN,8400000,27,600700000,5986,1404,True,,,
7496398363332463890,2025-04-23T06:54:19,48,VN,1918,21,33,46400,Ch·∫Øc ch·∫Øn ng∆∞·ªùi m·∫π ph·∫£i t·ª± h√†o v√¥ c√πng #beatnetwork #beatvn #hoabinhdeplam #BEATNetworkChungmotnhipdap,False,,beatvn_official,BEATVN,8400000,27,600700000,5986,1404,True,,,
7496368898158316808,2025-04-23T04:59:59,25,VN,40700,884,283,674000,1 s·ª± tr√πng h·ª£p ƒë·∫∑c bi·ªát #beatnetwork #beatvn #hoabinhdeplam,False,,beatvn_official,BEATVN,8400000,27,600700000,5986,1404,True,,,
7496353193337572626,2025-04-23T03:59:03,74,VN,5882,1541,161,243800,H·ªá t∆∞ t∆∞·ªüng Minh Minh t·ª∑ t·ª∑ #beatnetwork #beatvn,False,,beatvn_official,BEATVN,8400000,27,600700000,5986,1404,True,,,
7496339668787596562,2025-04-23T03:06:35,38,VN,48300,407,325,795100,"V√¨ n∆∞·ªõc qu√™n th√¢n, v√¨ d√¢n ph·ª•c v·ª• #beatnetwork #beatvn #hoabinhdeplam",False,,beatvn_official,BEATVN,8400000,27,600700000,5986,1404,True,,,
7496331336874020103,2025-04-23T02:34:15,33,VN,50500,4730,477,807800,Ki·∫øp sau c√≥ l√† c·ªè c√¢y c≈©ng mu·ªën ƒë∆∞·ª£c m·ªçc ·ªü Vi·ªát Nam #beatnetwork #beatvn #beatoflife #hoabinhdeplam,False,,beatvn_official,BEATVN,8400000,27,600700000,5986,1404,True,,,
7496180466387668242,2025-04-22T16:48:49,66,VN,3209,94,76,116600,C√≤n nh·ªè m√† qu√° gi·ªèi lu√¥n #beatvn #beatnetwork ,False,,beatvn_official,BEATVN,8400000,27,600700000,5986,1404,True,,,
7496171581291515143,2025-04-22T16:14:20,44,VN,62100,5325,754,794000,B√°c xe √¥m nhanh tr√≠ ch·ªü hung th·ªß gi*t ng∆∞·ªùi v√†o ƒë·ªìn c√¥ng an #beatvn #beatnetwork ,False,,beatvn_official,BEATVN,8400000,27,600700000,5986,1404,True,,,
7496154961798040850,2025-04-22T15:30:00,41,VN,6826,168,106,152500,"Sky ch·ªâ ch·ªù OTP Red Bull v√† S∆°n T√πng ch√≠nh th·ª©c v·ªÅ ‚Äúchung nh√†"" ƒë·ªÉ c√≥ m√†n flex t·∫≠p th·ªÉ th√¥i#beatvn #beatnetwork #beatoflife #RedBull #BanlinhtoicungHucToiDi #RedBullxSonTungMTP",False,,beatvn_official,BEATVN,8400000,27,600700000,5986,1404,True,,,
7496154015785356552,2025-04-22T15:06:09,55,VN,3434,77,72,56100,"Video kh√¥ng c·∫ßn nh·∫°c, v√¨ nghe ti·∫øng b∆∞·ªõc ch√¢n c·ªßa c√°c ƒë·ªìng ch√≠ ƒë√£ ƒë·ªß h√πng h·ªìn v√† kh√≠ th·∫ø r·ªìi #beatvn #beatnetwork ",False,,beatvn_official,BEATVN,8400000,27,600700000,5986,1404,True,,,
